MMSI,BaseDateTime,LAT,LON,SOG,COG,Heading,VesselName,VesselType,Length,Width
1,1737971925.0,208.0,200.0,20.0,90.0,90.0,CAR,car,10.0,3.333
2,1737971925.0,208.0,200.0,20.0,90.0,90.0,CAR,car,10.0,3.333
3,1737971925.0,208.0,200.0,20.0,90.0,90.0,CAR,car,10.0,3.333
4,1737971925.0,208.0,200.0,20.0,90.0,90.0,CAR,car,10.0,3.333
1,1737971925.4,220.8,200.0,32.0,90.0,90.0,CAR,car,10.0,3.333
2,1737971925.4,220.8,200.0,32.0,90.0,90.0,CAR,car,10.0,3.333
3,1737971925.4,220.8,200.0,32.0,90.0,90.0,CAR,car,10.0,3.333
4,1737971925.4,220.8,200.0,32.0,90.0,90.0,CAR,car,10.0,3.333
1,1737971925.8,236.48000000000002,200.0,39.2,90.0,90.0,CAR,car,10.0,3.333
2,1737971925.8,236.48000000000002,200.0,39.2,90.0,90.0,CAR,car,10.0,3.333
3,1737971925.8,236.48000000000002,200.0,39.2,90.0,90.0,CAR,car,10.0,3.333
4,1737971925.8,236.48000000000002,200.0,39.2,90.0,90.0,CAR,car,10.0,3.333
1,1737971926.2,253.88800000000003,200.0,43.52,90.0,90.0,CAR,car,10.0,3.333
2,1737971926.2,253.88800000000003,200.0,43.52,90.0,90.0,CAR,car,10.0,3.333
3,1737971926.2,253.88800000000003,200.0,43.52,90.0,90.0,CAR,car,10.0,3.333
4,1737971926.2,253.88800000000003,200.0,43.52,90.0,90.0,CAR,car,10.0,3.333
1,1737971926.6,272.3328,200.0,46.112,90.0,90.0,CAR,car,10.0,3.333
2,1737971926.6,272.3328,200.0,46.112,90.0,90.0,CAR,car,10.0,3.333
3,1737971926.6,272.3328,200.0,46.112,90.0,90.0,CAR,car,10.0,3.333
4,1737971926.6,272.3328,200.0,46.112,90.0,90.0,CAR,car,10.0,3.333
1,1737971927.0,291.39968000000005,200.0,47.667,90.0,90.0,CAR,car,10.0,3.333
2,1737971927.0,291.39968000000005,200.0,47.667,90.0,90.0,CAR,car,10.0,3.333
3,1737971927.0,291.39968000000005,200.0,47.667,90.0,90.0,CAR,car,10.0,3.333
4,1737971927.0,291.39968000000005,200.0,47.667,90.0,90.0,CAR,car,10.0,3.333
1,1737971927.4,310.83980800000006,200.0,48.6,90.0,90.0,CAR,car,10.0,3.333
2,1737971927.4,310.83980800000006,200.0,48.6,90.0,90.0,CAR,car,10.0,3.333
3,1737971927.4,310.83980800000006,200.0,48.6,90.0,90.0,CAR,car,10.0,3.333
4,1737971927.4,310.83980800000006,200.0,48.6,90.0,90.0,CAR,car,10.0,3.333
1,1737971927.8,330.50388480000004,200.0,49.16,90.0,90.0,CAR,car,10.0,3.333
2,1737971927.8,330.50388480000004,200.0,49.16,90.0,90.0,CAR,car,10.0,3.333
3,1737971927.8,330.50388480000004,200.0,49.16,90.0,90.0,CAR,car,10.0,3.333
4,1737971927.8,330.50388480000004,200.0,49.16,90.0,90.0,CAR,car,10.0,3.333
1,1737971928.2,350.30233088000006,200.0,49.496,90.0,90.0,CAR,car,10.0,3.333
2,1737971928.2,350.30233088000006,200.0,49.496,90.0,90.0,CAR,car,10.0,3.333
3,1737971928.2,350.30233088000006,200.0,49.496,90.0,90.0,CAR,car,10.0,3.333
4,1737971928.2,350.30233088000006,200.0,49.496,90.0,90.0,CAR,car,10.0,3.333
1,1737971928.6,370.18139852800005,200.0,49.698,90.0,90.0,CAR,car,10.0,3.333
2,1737971928.6,370.18139852800005,200.0,49.698,90.0,90.0,CAR,car,10.0,3.333
3,1737971928.6,370.18139852800005,200.0,49.698,90.0,90.0,CAR,car,10.0,3.333
4,1737971928.6,370.18139852800005,200.0,49.698,90.0,90.0,CAR,car,10.0,3.333
1,1737971929.0,390.1088391168,200.0,49.819,90.0,90.0,CAR,car,10.0,3.333
2,1737971929.0,390.1088391168,200.0,49.819,90.0,90.0,CAR,car,10.0,3.333
3,1737971929.0,390.1088391168,200.0,49.819,90.0,90.0,CAR,car,10.0,3.333
4,1737971929.0,390.1088391168,200.0,49.819,90.0,90.0,CAR,car,10.0,3.333
1,1737971929.4,410.06530347008004,200.0,49.891,90.0,90.0,CAR,car,10.0,3.333
2,1737971929.4,410.06530347008004,200.0,49.891,90.0,90.0,CAR,car,10.0,3.333
3,1737971929.4,410.06530347008004,200.0,49.891,90.0,90.0,CAR,car,10.0,3.333
4,1737971929.4,410.06530347008004,200.0,49.891,90.0,90.0,CAR,car,10.0,3.333
1,1737971929.8,430.03918208204806,200.0,49.935,90.0,90.0,CAR,car,10.0,3.333
2,1737971929.8,430.03918208204806,200.0,49.935,90.0,90.0,CAR,car,10.0,3.333
3,1737971929.8,430.03918208204806,200.0,49.935,90.0,90.0,CAR,car,10.0,3.333
4,1737971929.8,430.03918208204806,200.0,49.935,90.0,90.0,CAR,car,10.0,3.333
1,1737971930.2,450.0235092492289,200.0,49.961,90.0,90.0,CAR,car,10.0,3.333
2,1737971930.2,450.0235092492289,200.0,49.961,90.0,90.0,CAR,car,10.0,3.333
3,1737971930.2,450.0235092492289,200.0,49.961,90.0,90.0,CAR,car,10.0,3.333
4,1737971930.2,450.0235092492289,200.0,49.961,90.0,90.0,CAR,car,10.0,3.333
1,1737971930.6,470.01410554953736,200.0,49.976,90.0,90.0,CAR,car,10.0,3.333
2,1737971930.6,470.01410554953736,200.0,49.976,90.0,90.0,CAR,car,10.0,3.333
3,1737971930.6,470.01410554953736,200.0,49.976,90.0,90.0,CAR,car,10.0,3.333
4,1737971930.6,470.01410554953736,200.0,49.976,90.0,90.0,CAR,car,10.0,3.333
1,1737971931.0,487.8865974164472,205.42655873076896,46.695,73.11,73.11,CAR,car,10.0,3.333
2,1737971931.0,490.0084633297225,200.0,49.986,90.0,90.0,CAR,car,10.0,3.333
3,1737971931.0,490.0084633297225,200.0,49.986,90.0,90.0,CAR,car,10.0,3.333
4,1737971931.0,490.0084633297225,200.0,49.986,90.0,90.0,CAR,car,10.0,3.333
1,1737971931.4,504.20522832160333,214.40040053958435,46.558,61.193,61.193,CAR,car,10.0,3.333
2,1737971931.4,510.00507799783355,200.0,49.992,90.0,90.0,CAR,car,10.0,3.333
3,1737971931.4,510.00507799783355,200.0,49.992,90.0,90.0,CAR,car,10.0,3.333
4,1737971931.4,510.00507799783355,200.0,49.992,90.0,90.0,CAR,car,10.0,3.333
1,1737971931.8,519.3714925228892,225.70994436834178,47.297,53.288,53.288,CAR,car,10.0,3.333
2,1737971931.8,530.0030467987002,200.0,49.995,90.0,90.0,CAR,car,10.0,3.333
3,1737971931.8,530.0030467987002,200.0,49.995,90.0,90.0,CAR,car,10.0,3.333
4,1737971931.8,530.0030467987002,200.0,49.995,90.0,90.0,CAR,car,10.0,3.333
1,1737971932.2,533.6704583620614,238.575822247612,48.088,48.02,48.02,CAR,car,10.0,3.333
2,1737971932.2,550.0018280792202,200.0,49.997,90.0,90.0,CAR,car,10.0,3.333
3,1737971932.2,550.0018280792202,200.0,49.997,90.0,90.0,CAR,car,10.0,3.333
4,1737971932.2,550.0018280792202,200.0,49.997,90.0,90.0,CAR,car,10.0,3.333
1,1737971932.6,547.3024850776977,252.4978288138938,48.712,44.397,44.397,CAR,car,10.0,3.333
2,1737971932.6,570.0010968475322,200.0,49.998,90.0,90.0,CAR,car,10.0,3.333
3,1737971932.6,570.0010968475322,200.0,49.998,90.0,90.0,CAR,car,10.0,3.333
4,1737971932.6,570.0010968475322,200.0,49.998,90.0,90.0,CAR,car,10.0,3.333
1,1737971933.0,560.4046164362976,267.1569747658724,49.153,41.79,41.79,CAR,car,10.0,3.333
2,1737971933.0,590.0006581085194,200.0,49.999,90.0,90.0,CAR,car,10.0,3.333
3,1737971933.0,590.0006581085194,200.0,49.999,90.0,90.0,CAR,car,10.0,3.333
4,1737971933.0,590.0006581085194,200.0,49.999,90.0,90.0,CAR,car,10.0,3.333
1,1737971933.4,573.0630347340971,282.354606726567,49.447,39.792,39.792,CAR,car,10.0,3.333
2,1737971933.4,610.0003948651117,200.0,49.999,90.0,90.0,CAR,car,10.0,3.333
3,1737971933.4,610.0003948651117,200.0,49.999,90.0,90.0,CAR,car,10.0,3.333
4,1737971933.4,610.0003948651117,200.0,49.999,90.0,90.0,CAR,car,10.0,3.333
1,1737971933.8,585.3134138008642,297.97917701827623,49.636,38.098,38.098,CAR,car,10.0,3.333
2,1737971933.8,630.0002369190671,200.0,50.0,90.0,90.0,CAR,car,10.0,3.333
3,1737971933.8,630.0002369190671,200.0,50.0,90.0,90.0,CAR,car,10.0,3.333
4,1737971933.8,630.0002369190671,200.0,50.0,90.0,90.0,CAR,car,10.0,3.333
1,1737971934.2,600.5201281077785,308.86243306826213,46.75,54.409,54.409,CAR,car,10.0,3.333
2,1737971934.2,650.0001421514403,200.0,50.0,90.0,90.0,CAR,car,10.0,3.333
3,1737971934.2,650.0001421514403,200.0,50.0,90.0,90.0,CAR,car,10.0,3.333
4,1737971934.2,650.0001421514403,200.0,50.0,90.0,90.0,CAR,car,10.0,3.333
1,1737971934.6,617.5944847999243,316.28248948736893,46.542,66.512,66.512,CAR,car,10.0,3.333
2,1737971934.6,670.0000852908643,200.0,50.0,90.0,90.0,CAR,car,10.0,3.333
3,1737971934.6,670.0000852908643,200.0,50.0,90.0,90.0,CAR,car,10.0,3.333
4,1737971934.6,670.0000852908643,200.0,50.0,90.0,90.0,CAR,car,10.0,3.333
1,1737971935.0,635.8309707051113,321.0950558553056,47.152,75.217,75.217,CAR,car,10.0,3.333
2,1737971935.0,690.0000511745186,200.0,50.0,90.0,90.0,CAR,car,10.0,3.333
3,1737971935.0,690.0000511745186,200.0,50.0,90.0,90.0,CAR,car,10.0,3.333
4,1737971935.0,690.0000511745186,200.0,50.0,90.0,90.0,CAR,car,10.0,3.333
1,1737971935.4,654.7716976214988,323.84609413307436,47.849,81.736,81.736,CAR,car,10.0,3.333
2,1737971935.4,710.0000307047112,200.0,50.0,90.0,90.0,CAR,car,10.0,3.333
3,1737971935.4,710.0000307047112,200.0,50.0,90.0,90.0,CAR,car,10.0,3.333
4,1737971935.4,710.0000307047112,200.0,50.0,90.0,90.0,CAR,car,10.0,3.333
1,1737971935.8,674.1073643182303,324.8188649269248,48.4,87.12,87.12,CAR,car,10.0,3.333
2,1737971935.8,730.0000184228268,200.0,50.0,90.0,90.0,CAR,car,10.0,3.333
3,1737971935.8,730.0000184228268,200.0,50.0,90.0,90.0,CAR,car,10.0,3.333
4,1737971935.8,730.0000184228268,200.0,50.0,90.0,90.0,CAR,car,10.0,3.333
1,1737971936.2,693.7029100773203,325.0965308822816,48.994,89.188,89.188,CAR,car,10.0,3.333
2,1737971936.2,750.0000110536961,200.0,50.0,90.0,90.0,CAR,car,10.0,3.333
3,1737971936.2,750.0000110536961,200.0,50.0,90.0,90.0,CAR,car,10.0,3.333
4,1737971936.2,750.0000110536961,200.0,50.0,90.0,90.0,CAR,car,10.0,3.333
1,1737971936.6,713.4510580423558,324.8800017778294,49.373,90.628,90.628,CAR,car,10.0,3.333
2,1737971936.6,770.0000066322177,200.0,50.0,90.0,90.0,CAR,car,10.0,3.333
3,1737971936.6,770.0000066322177,200.0,50.0,90.0,90.0,CAR,car,10.0,3.333
4,1737971936.6,770.0000066322177,200.0,50.0,90.0,90.0,CAR,car,10.0,3.333
1,1737971937.0,733.287260304456,324.29972521063456,49.612,91.676,91.676,CAR,car,10.0,3.333
2,1737971937.0,787.8784313983774,194.5737590286645,46.709,106.883,106.883,CAR,car,10.0,3.333
3,1737971937.0,790.0000039793307,200.0,50.0,90.0,90.0,CAR,car,10.0,3.333
4,1737971937.0,790.0000039793307,200.0,50.0,90.0,90.0,CAR,car,10.0,3.333
1,1737971937.4,753.1724173507673,323.4370161732068,49.76,92.484,92.484,CAR,car,10.0,3.333
2,1737971937.4,804.2008222939431,185.60030383359052,46.566,118.8,118.8,CAR,car,10.0,3.333
3,1737971937.4,810.0000023875984,200.0,50.0,90.0,90.0,CAR,car,10.0,3.333
4,1737971937.4,810.0000023875984,200.0,50.0,90.0,90.0,CAR,car,10.0,3.333
1,1737971937.8,773.0820496238998,322.33378793401266,49.85,93.172,93.172,CAR,car,10.0,3.333
2,1737971937.8,819.3694584373528,174.29109715736797,47.301,126.707,126.707,CAR,car,10.0,3.333
3,1737971937.8,830.0000014325591,200.0,50.0,90.0,90.0,CAR,car,10.0,3.333
4,1737971937.8,830.0000014325591,200.0,50.0,90.0,90.0,CAR,car,10.0,3.333
1,1737971938.2,793.0264768325424,321.52477055173074,49.902,92.323,92.323,CAR,car,10.0,3.333
2,1737971938.2,833.6698900321794,161.4254579893992,48.09,131.977,131.977,CAR,car,10.0,3.333
3,1737971938.2,850.0000008595355,200.0,50.0,90.0,90.0,CAR,car,10.0,3.333
4,1737971938.2,850.0000008595355,200.0,50.0,90.0,90.0,CAR,car,10.0,3.333
1,1737971938.6,812.992320607505,320.9253419513222,49.937,91.72,91.72,CAR,car,10.0,3.333
2,1737971938.6,847.3027744711417,147.5035769482739,48.713,135.601,135.601,CAR,car,10.0,3.333
3,1737971938.6,870.0000005157214,200.0,50.0,90.0,90.0,CAR,car,10.0,3.333
4,1737971938.6,870.0000005157214,200.0,50.0,90.0,90.0,CAR,car,10.0,3.333
1,1737971939.0,832.971374483016,320.48060819729466,49.96,91.275,91.275,CAR,car,10.0,3.333
2,1737971939.0,860.4053399672935,132.8444434703479,49.153,138.209,138.209,CAR,car,10.0,3.333
3,1737971939.0,890.0000003094328,200.0,50.0,90.0,90.0,CAR,car,10.0,3.333
4,1737971939.0,890.0000003094328,200.0,50.0,90.0,90.0,CAR,car,10.0,3.333
1,1737971939.4,852.9586011695676,320.1564078734604,49.975,90.929,90.929,CAR,car,10.0,3.333
2,1737971939.4,873.063880154345,117.6467151482085,49.448,140.208,140.208,CAR,car,10.0,3.333
3,1737971939.4,910.0000001856597,200.0,50.0,90.0,90.0,CAR,car,10.0,3.333
4,1737971939.4,910.0000001856597,200.0,50.0,90.0,90.0,CAR,car,10.0,3.333
1,1737971939.8,872.9508929620667,319.9352886386865,49.984,90.634,90.634,CAR,car,10.0,3.333
2,1737971939.8,885.3141276104241,102.02194054082842,49.636,141.903,141.903,CAR,car,10.0,3.333
3,1737971939.8,930.0000001113958,200.0,50.0,90.0,90.0,CAR,car,10.0,3.333
4,1737971939.8,930.0000001113958,200.0,50.0,90.0,90.0,CAR,car,10.0,3.333
1,1737971940.2,892.946266999852,319.8066918279436,49.989,90.368,90.368,CAR,car,10.0,3.333
2,1737971940.2,900.5207470347646,91.13847901088774,46.75,125.592,125.592,CAR,car,10.0,3.333
3,1737971940.2,950.0000000668375,200.0,50.0,90.0,90.0,CAR,car,10.0,3.333
4,1737971940.2,950.0000000668375,200.0,50.0,90.0,90.0,CAR,car,10.0,3.333
1,1737971940.6,912.943478380177,319.74397941108754,49.993,90.18,90.18,CAR,car,10.0,3.333
2,1737971940.6,917.5950381247465,83.71822184406527,46.542,113.489,113.489,CAR,car,10.0,3.333
3,1737971940.6,970.0000000401026,200.0,50.0,90.0,90.0,CAR,car,10.0,3.333
4,1737971940.6,970.0000000401026,200.0,50.0,90.0,90.0,CAR,car,10.0,3.333
1,1737971941.0,932.9417706140887,319.72987869758526,49.996,90.04,90.04,CAR,car,10.0,3.333
2,1737971941.0,935.8314814534817,78.90546376471968,47.152,104.784,104.784,CAR,car,10.0,3.333
3,1737971941.0,990.0000000240616,200.0,50.0,90.0,90.0,CAR,car,10.0,3.333
4,1737971941.0,990.0000000240616,200.0,50.0,90.0,90.0,CAR,car,10.0,3.333
1,1737971941.4,952.9406810509215,319.7536432910403,49.997,89.932,89.932,CAR,car,10.0,3.333
2,1737971941.4,954.7721839102417,76.15424679262098,47.849,98.265,98.265,CAR,car,10.0,3.333
3,1737971941.4,1010.000000014437,200.0,50.0,90.0,90.0,CAR,car,10.0,3.333
4,1737971941.4,1010.000000014437,200.0,50.0,90.0,90.0,CAR,car,10.0,3.333
1,1737971941.8,972.9399176933293,319.80978167287384,49.998,89.839,89.839,CAR,car,10.0,3.333
2,1737971941.8,974.1078403886444,75.18131636259106,48.4,92.881,92.881,CAR,car,10.0,3.333
3,1737971941.8,1030.0000000086623,200.0,50.0,90.0,90.0,CAR,car,10.0,3.333
4,1737971941.8,1030.0000000086623,200.0,50.0,90.0,90.0,CAR,car,10.0,3.333
1,1737971942.2,992.9394507138686,319.85544127938596,49.999,89.869,89.869,CAR,car,10.0,3.333
2,1737971942.2,993.7033804125043,74.9035442859482,48.994,90.812,90.812,CAR,car,10.0,3.333
3,1737971942.2,1050.0000000051973,200.0,50.0,90.0,90.0,CAR,car,10.0,3.333
4,1737971942.2,1050.0000000051973,200.0,50.0,90.0,90.0,CAR,car,10.0,3.333
1,1737971942.6,1012.9391632334803,319.89363904943275,49.999,89.891,89.891,CAR,car,10.0,3.333
2,1737971942.6,1013.451525125617,75.12000577119464,49.373,89.372,89.372,CAR,car,10.0,3.333
3,1737971942.6,1070.0000000031184,200.0,50.0,90.0,90.0,CAR,car,10.0,3.333
4,1737971942.6,1070.0000000031184,200.0,50.0,90.0,90.0,CAR,car,10.0,3.333
1,1737971943.0,1032.9389847751934,319.9263311871263,50.0,89.906,89.906,CAR,car,10.0,3.333
2,1737971943.0,1033.2877253391132,75.7002434951833,49.612,88.324,88.324,CAR,car,10.0,3.333
3,1737971943.0,1086.0698344988118,206.8874122257573,43.709,66.8,66.8,CAR,car,10.0,3.333
4,1737971943.0,1090.000000001871,200.0,50.0,90.0,90.0,CAR,car,10.0,3.333
1,1737971943.4,1052.938872873117,319.95473473734336,50.0,89.919,89.919,CAR,car,10.0,3.333
2,1737971943.4,1053.1728806856747,76.56293652807307,49.76,87.516,87.516,CAR,car,10.0,3.333
3,1737971943.4,1099.4834012441881,218.07496659248076,43.667,50.17,50.17,CAR,car,10.0,3.333
4,1737971943.4,1110.0000000011225,200.0,50.0,90.0,90.0,CAR,car,10.0,3.333
1,1737971943.8,1072.9388020313309,319.9794715818983,50.0,89.929,89.929,CAR,car,10.0,3.333
2,1737971943.8,1073.082510927608,77.66616894349991,49.85,86.828,86.828,CAR,car,10.0,3.333
3,1737971943.8,1111.0965920634708,231.94923175378287,45.233,39.93,39.93,CAR,car,10.0,3.333
4,1737971943.8,1130.0000000006735,200.0,50.0,90.0,90.0,CAR,car,10.0,3.333
1,1737971944.2,1092.9387594218485,319.995606194489,50.0,89.954,89.954,CAR,car,10.0,3.333
2,1737971944.2,1093.0269368577472,78.47519208269526,49.902,87.677,87.677,CAR,car,10.0,3.333
3,1737971944.2,1121.483753512408,247.5062696956444,46.765,33.73,33.73,CAR,car,10.0,3.333
4,1737971944.2,1150.000000000404,200.0,50.0,90.0,90.0,CAR,car,10.0,3.333
1,1737971944.6,1112.9387338494219,320.00561528295464,50.0,89.971,89.971,CAR,car,10.0,3.333
2,1737971944.6,1112.9927798188014,79.07462742101399,49.937,88.28,88.28,CAR,car,10.0,3.333
3,1737971944.6,1131.0303218298684,264.12167401105387,47.907,29.88,29.88,CAR,car,10.0,3.333
4,1737971944.6,1170.0000000002424,200.0,50.0,90.0,90.0,CAR,car,10.0,3.333
1,1737971945.0,1132.938718489326,320.0111047515379,50.0,89.984,89.984,CAR,car,10.0,3.333
2,1737971945.0,1132.971833171247,79.51936848238404,49.96,88.725,88.725,CAR,car,10.0,3.333
3,1737971945.0,1139.9952332009254,281.4067913091257,48.679,27.413,27.413,CAR,car,10.0,3.333
4,1737971945.0,1190.0000000001453,200.0,50.0,90.0,90.0,CAR,car,10.0,3.333
1,1737971945.4,1152.9387091635867,320.01307370388633,50.0,89.994,89.994,CAR,car,10.0,3.333
2,1737971945.4,1152.959059521189,79.8435763662622,49.975,89.071,89.071,CAR,car,10.0,3.333
3,1737971945.4,1148.5527073770302,299.119316847761,49.178,25.787,25.787,CAR,car,10.0,3.333
4,1737971945.4,1210.000000000087,200.0,50.0,90.0,90.0,CAR,car,10.0,3.333
1,1737971945.8,1172.9387032594482,320.0120326622422,50.0,90.003,90.003,CAR,car,10.0,3.333
2,1737971945.8,1172.9513511019484,80.06470307645327,49.984,89.366,89.366,CAR,car,10.0,3.333
3,1737971945.8,1156.820081961414,317.10787827558335,49.494,24.683,24.683,CAR,car,10.0,3.333
4,1737971945.8,1230.000000000052,200.0,50.0,90.0,90.0,CAR,car,10.0,3.333
1,1737971946.2,1192.9386996810929,320.0106504399387,50.0,90.004,90.004,CAR,car,10.0,3.333
2,1737971946.2,1192.946725012948,80.1933048794338,49.989,89.632,89.632,CAR,car,10.0,3.333
3,1737971946.2,1164.8762472638425,335.2777617346721,49.689,23.912,23.912,CAR,car,10.0,3.333
4,1737971946.2,1250.0000000000312,200.0,50.0,90.0,90.0,CAR,car,10.0,3.333
1,1737971946.6,1212.9386974944948,320.00902526792174,50.0,90.005,90.005,CAR,car,10.0,3.333
2,1737971946.6,1212.9439363175343,80.25602047588247,49.993,89.82,89.82,CAR,car,10.0,3.333
3,1737971946.6,1172.7736959415708,353.56978240659964,49.81,23.352,23.352,CAR,car,10.0,3.333
4,1737971946.6,1270.0000000000186,200.0,50.0,90.0,90.0,CAR,car,10.0,3.333
1,1737971947.0,1232.9386961395496,320.0072208393867,50.0,90.005,90.005,CAR,car,10.0,3.333
2,1737971947.0,1232.9422285056694,80.27012298377142,49.996,89.96,89.96,CAR,car,10.0,3.333
3,1737971947.0,1180.5460292943146,371.9474044406107,49.884,22.925,22.925,CAR,car,10.0,3.333
4,1737971947.0,1290.0000000000111,200.0,50.0,90.0,90.0,CAR,car,10.0,3.333
1,1737971947.4,1252.9386952802067,320.005276780661,50.0,90.006,90.006,CAR,car,10.0,3.333
2,1737971947.4,1252.941138913342,80.24635904632817,49.997,90.068,90.068,CAR,car,10.0,3.333
3,1737971947.4,1188.2115164013821,390.3893315346706,49.929,22.57,22.57,CAR,car,10.0,3.333
4,1737971947.4,1310.0000000000066,200.0,50.0,90.0,90.0,CAR,car,10.0,3.333
1,1737971947.8,1272.9386947143123,320.0032133400137,50.0,90.006,90.006,CAR,car,10.0,3.333
2,1737971947.8,1272.9403755340404,80.19022025330621,49.998,90.161,90.161,CAR,car,10.0,3.333
3,1737971947.8,1195.7698591201442,408.8871199229691,49.956,22.225,22.225,CAR,car,10.0,3.333
4,1737971947.8,1330.0000000000039,200.0,50.0,90.0,90.0,CAR,car,10.0,3.333
1,1737971948.2,1292.9386943722175,320.00177295816883,50.0,90.004,90.004,CAR,car,10.0,3.333
2,1737971948.2,1292.939908541308,80.14456023564847,49.999,90.131,90.131,CAR,car,10.0,3.333
3,1737971948.2,1208.259778606318,420.83393537374167,43.209,46.273,46.273,CAR,car,10.0,3.333
4,1737971948.2,1350.0000000000023,200.0,50.0,90.0,90.0,CAR,car,10.0,3.333
1,1737971948.6,1312.9386941658636,320.00077624734723,50.0,90.003,90.003,CAR,car,10.0,3.333
2,1737971948.6,1312.9396210527414,80.10636205951144,49.999,90.109,90.109,CAR,car,10.0,3.333
3,1737971948.6,1223.753399792818,427.9293061869287,42.603,65.394,65.394,CAR,car,10.0,3.333
4,1737971948.6,1370.0000000000014,200.0,50.0,90.0,90.0,CAR,car,10.0,3.333
1,1737971949.0,1332.9386940417332,320.0001068920507,50.0,90.002,90.002,CAR,car,10.0,3.333
2,1737971949.0,1332.9394425893602,80.07366952486764,50.0,90.094,90.094,CAR,car,10.0,3.333
3,1737971949.0,1241.0066599817594,431.359027084079,43.977,78.757,78.757,CAR,car,10.0,3.333
4,1737971949.0,1386.069834497014,193.11258777428546,43.709,113.2,113.2,CAR,car,10.0,3.333
1,1737971949.4,1352.938693967245,319.99969252731074,50.0,90.001,90.001,CAR,car,10.0,3.333
2,1737971949.4,1352.939330684068,80.04526559154685,50.0,90.081,90.081,CAR,car,10.0,3.333
3,1737971949.4,1259.2143179289549,431.9042629484507,45.54,88.285,88.285,CAR,car,10.0,3.333
4,1737971949.4,1399.4834012432275,181.92503340761203,43.667,129.83,129.83,CAR,car,10.0,3.333
1,1737971949.8,1372.9386939223812,319.99949617606666,50.0,90.001,90.001,CAR,car,10.0,3.333
2,1737971949.8,1372.9392598402264,80.0205283863657,50.0,90.071,90.071,CAR,car,10.0,3.333
3,1737971949.8,1277.8184854374185,429.9899400955521,46.756,95.875,95.875,CAR,car,10.0,3.333
4,1737971949.8,1411.0965920630385,168.05076824635293,45.233,140.07,140.07,CAR,car,10.0,3.333
1,1737971950.2,1392.9386938954,319.99941008694805,50.0,90.0,90.0,CAR,car,10.0,3.333
2,1737971950.2,1392.9392172295104,80.0043935547404,50.0,90.046,90.046,CAR,car,10.0,3.333
3,1737971950.2,1296.9543784539726,428.1894170487319,48.051,95.375,95.375,CAR,car,10.0,3.333
4,1737971950.2,1421.4837535123042,152.49373030452267,46.765,146.27,146.27,CAR,car,10.0,3.333
1,1737971950.6,1412.93869387909,319.9994025138696,50.0,90.0,90.0,CAR,car,10.0,3.333
2,1737971950.6,1412.9391916563443,79.99438435218866,50.0,90.029,90.029,CAR,car,10.0,3.333
3,1737971950.6,1316.4107690382289,426.47531198652285,48.829,95.035,95.035,CAR,car,10.0,3.333
4,1737971950.6,1431.0303218299628,135.87832598913238,47.907,150.12,150.12,CAR,car,10.0,3.333
1,1737971951.0,1432.9386938691155,319.9994528725878,50.0,90.0,90.0,CAR,car,10.0,3.333
2,1737971951.0,1432.9391762958023,79.9888948513936,50.0,90.016,90.016,CAR,car,10.0,3.333
3,1737971951.0,1336.0607070456508,424.8289731891167,49.297,94.789,94.789,CAR,car,10.0,3.333
4,1737971951.0,1439.995233201132,118.59320869106898,48.679,152.587,152.587,CAR,car,10.0,3.333
1,1737971951.4,1452.9386938628645,319.9995483567428,50.0,90.0,90.0,CAR,car,10.0,3.333
2,1737971951.4,1452.9391669697861,79.98692593612984,50.0,90.006,90.006,CAR,car,10.0,3.333
3,1737971951.4,1355.8279512863467,423.23869095919076,49.578,94.6,94.6,CAR,car,10.0,3.333
4,1737971951.4,1448.552707377291,100.88068315243311,49.178,154.213,154.213,CAR,car,10.0,3.333
1,1737971951.8,1472.9386938587456,319.9996824225392,50.0,90.0,90.0,CAR,car,10.0,3.333
2,1737971951.8,1472.9391610654584,79.98796708283896,50.0,89.997,89.997,CAR,car,10.0,3.333
3,1737971951.8,1375.6668809010987,421.6995325702506,49.746,94.436,94.436,CAR,car,10.0,3.333
4,1737971951.8,1456.8200819616895,82.8921217246029,49.494,155.317,155.317,CAR,car,10.0,3.333
1,1737971952.2,1492.9386938562493,319.99978285724427,50.0,90.0,90.0,CAR,car,10.0,3.333
2,1737971952.2,1492.9391574869878,79.9893493869613,50.0,89.996,89.996,CAR,car,10.0,3.333
3,1737971952.2,1395.5694913880504,420.66669426109155,49.823,92.971,92.971,CAR,car,10.0,3.333
4,1737971952.2,1464.8762472641054,64.72223826550038,49.689,156.088,156.088,CAR,car,10.0,3.333
1,1737971952.6,1512.938693854735,319.99985934374314,50.0,90.0,90.0,CAR,car,10.0,3.333
2,1737971952.6,1512.939155300319,79.99097462440731,50.0,89.995,89.995,CAR,car,10.0,3.333
3,1737971952.6,1415.510894658542,419.9959195583939,49.882,91.927,91.927,CAR,car,10.0,3.333
4,1737971952.6,1472.7736959418012,46.43021759355425,49.81,156.648,156.648,CAR,car,10.0,3.333
1,1737971953.0,1532.938693853816,319.9999181604434,50.0,90.0,90.0,CAR,car,10.0,3.333
2,1737971953.0,1532.93915394533,79.99277910645465,50.0,89.995,89.995,CAR,car,10.0,3.333
3,1737971953.0,1435.475736611507,419.59384110058727,49.922,91.154,91.154,CAR,car,10.0,3.333
4,1737971953.0,1480.5460292944974,28.052595559520572,49.884,157.075,157.075,CAR,car,10.0,3.333
1,1737971953.4,1552.9386938532587,319.9999632134177,50.0,90.0,90.0,CAR,car,10.0,3.333
2,1737971953.4,1552.9391530859593,79.99472320962914,50.0,89.994,89.994,CAR,car,10.0,3.333
3,1737971953.4,1455.4544832965498,419.40295038262667,49.949,90.547,90.547,CAR,car,10.0,3.333
4,1737971953.4,1488.2115164015052,9.610668465434411,49.929,157.43,157.43,CAR,car,10.0,3.333
1,1737971953.8,1572.9386938529217,319.9999964985913,50.0,90.0,90.0,CAR,car,10.0,3.333
2,1737971953.8,1572.9391525200472,79.99678668732233,50.0,89.994,89.994,CAR,car,10.0,3.333
3,1737971953.8,1475.4410128281613,419.3956314097587,49.966,90.021,90.021,CAR,car,10.0,3.333
4,1737971953.8,1495.7698591201956,-8.88711992289404,49.956,157.775,157.775,CAR,car,10.0,3.333
1,1737971954.2,1592.9386938527196,320.00001669015023,50.0,90.0,90.0,CAR,car,10.0,3.333
2,1737971954.2,1592.9391521779417,79.99822709040254,50.0,89.996,89.996,CAR,car,10.0,3.333
3,1737971954.2,1495.4328363785621,419.4300561076326,49.98,89.901,89.901,CAR,car,10.0,3.333
4,1737971954.2,1508.2597786063257,-20.833935373690675,43.209,133.727,133.727,CAR,car,10.0,3.333
1,1737971954.6,1612.9386938525981,320.00002755793844,50.0,90.0,90.0,CAR,car,10.0,3.333
2,1737971954.6,1612.9391519715814,79.99922381090244,50.0,89.997,89.997,CAR,car,10.0,3.333
3,1737971954.6,1515.4278116794128,419.4943143220592,49.988,89.816,89.816,CAR,car,10.0,3.333
4,1737971954.6,1523.7533997927999,-27.9293061868966,42.603,114.606,114.606,CAR,car,10.0,3.333
1,1737971955.0,1632.938693852525,320.0000315463325,50.0,90.0,90.0,CAR,car,10.0,3.333
2,1737971955.0,1632.9391518474472,79.99989316702843,50.0,89.998,89.998,CAR,car,10.0,3.333
3,1737971955.0,1535.4246538538382,419.5807030976066,49.993,89.752,89.752,CAR,car,10.0,3.333
4,1737971955.0,1541.006659981726,-31.359027084061683,43.977,101.243,101.243,CAR,car,10.0,3.333
1,1737971955.4,1652.9386938524801,320.0000301760861,50.0,90.0,90.0,CAR,car,10.0,3.333
2,1737971955.4,1652.9391517729566,80.00030752530533,50.0,89.999,89.999,CAR,car,10.0,3.333
3,1737971955.4,1555.4225905202456,419.68448040520246,49.996,89.703,89.703,CAR,car,10.0,3.333
4,1737971955.4,1559.2143179289128,-31.904262948445318,45.54,91.715,91.715,CAR,car,10.0,3.333
3,1737971955.8,1575.4211521344062,419.80336949534626,49.997,89.659,89.659,CAR,car,10.0,3.333
4,1737971955.8,1577.8184854373721,-29.98994009555693,46.756,84.125,84.125,CAR,car,10.0,3.333
3,1737971956.2,1595.4202791380162,419.88732982875257,49.998,89.759,89.759,CAR,car,10.0,3.333
4,1737971956.2,1596.9543784539237,-28.189417048742865,48.051,84.625,84.625,CAR,car,10.0,3.333
3,1737971956.6,1615.4197506973546,419.94632491627704,49.999,89.831,89.831,CAR,car,10.0,3.333
4,1737971956.6,1616.4107690381786,-26.47531198653689,48.829,84.965,84.965,CAR,car,10.0,3.333
3,1737971957.0,1635.419432022062,419.9867988110434,49.999,89.884,89.884,CAR,car,10.0,3.333
4,1737971957.0,1636.0607070455994,-24.82897318913163,49.297,85.211,85.211,CAR,car,10.0,3.333
3,1737971957.4,1655.4192406497457,420.01271846194203,50.0,89.926,89.926,CAR,car,10.0,3.333
4,1737971957.4,1655.8279512862944,-23.238690959204835,49.578,85.4,85.4,CAR,car,10.0,3.333
